feature,count,mean,std,min,25%,50%,75%,max
Recency,4338.0,92.53642231443061,100.01416863571656,1.0,18.0,51.0,142.0,374.0
Frequency,4338.0,4.272014753342554,7.697997826095039,1.0,1.0,2.0,5.0,209.0
Monetary,4338.0,2054.2664601198708,8989.230441338681,3.75,307.41499999999996,674.485,1661.7400000000002,280206.01999999996
AvgOrderValue,4338.0,419.1662894389969,1796.5379444645505,3.45,178.625,293.9,430.11375,84236.25
TenureDays,4338.0,131.4485938220378,132.03955416312755,1.0,1.0,93.5,252.75,374.0
