dataset,model,imbalance,auc_roc,pr_auc,top_decile_lift,train_rows,test_rows
Telco,XGBoost,class_weight,0.8365153154459003,0.6527993868466242,2.7214700193423598,5625,1407
Telco,XGBoost,SMOTE,0.8363833080534864,0.6419977211755923,2.7214700193423598,5625,1407
Telco,LogisticRegression,class_weight,0.8350464096577646,0.6195799745564079,2.6681078621003524,5625,1407
Telco,LogisticRegression,SMOTE,0.8338661082667687,0.6198662446806914,2.641426783479349,5625,1407
Telco,LightGBM,class_weight,0.830299320291348,0.6447941363664106,2.8281943338263735,5625,1407
Telco,LightGBM,SMOTE,0.8293584440728681,0.6425372159978316,2.8281943338263735,5625,1407
Telco,RandomForest,SMOTE,0.8200609822385347,0.6007658663761901,2.6147457048583456,5625,1407
Telco,RandomForest,class_weight,0.8111595425814434,0.5946613260347963,2.6147457048583456,5625,1407
